Date,Encaissements,Decaissements,Solde
2024-01-03 16:36:05.261352,3559.02,0.0,53559.02
2024-01-04 16:36:05.261352,2742.22,0.0,56301.24
2024-01-05 16:36:05.261352,0.0,0.0,56301.24
2024-01-06 16:36:05.261352,0.0,0.0,56301.24
2024-01-07 16:36:05.261352,0.0,0.0,56301.24
2024-01-08 16:36:05.261352,2815.8,0.0,59117.04
2024-01-09 16:36:05.261352,3565.15,0.0,62682.19
2024-01-10 16:36:05.261352,3012.08,0.0,65694.28
2024-01-11 16:36:05.261352,2174.19,0.0,67868.46
2024-01-12 16:36:05.261352,0.0,0.0,67868.46
2024-01-13 16:36:05.261352,0.0,0.0,67868.46
2024-01-14 16:36:05.261352,0.0,0.0,67868.46
2024-01-15 16:36:05.261352,0.0,15000.0,52868.46
2024-01-16 16:36:05.261352,0.0,0.0,52868.46
2024-01-17 16:36:05.261352,3009.48,0.0,55877.94
2024-01-18 16:36:05.261352,1823.61,0.0,57701.55
2024-01-19 16:36:05.261352,0.0,0.0,57701.55
2024-01-20 16:36:05.261352,0.0,0.0,57701.55
2024-01-21 16:36:05.261352,0.0,0.0,57701.55
2024-01-22 16:36:05.261352,3197.44,0.0,60898.99
2024-01-23 16:36:05.261352,2725.82,0.0,63624.81
2024-01-24 16:36:05.261352,2540.14,0.0,66164.95
2024-01-25 16:36:05.261352,0.0,0.0,66164.95
2024-01-26 16:36:05.261352,3476.75,0.0,69641.7
2024-01-27 16:36:05.261352,0.0,0.0,69641.7
2024-01-28 16:36:05.261352,0.0,45565.89,24075.81
2024-01-29 16:36:05.261352,4040.69,0.0,28116.51
2024-01-30 16:36:05.261352,2969.97,0.0,31086.47
2024-01-31 16:36:05.261352,0.0,0.0,31086.47
2024-02-01 16:36:05.261352,3526.31,5000.0,29612.78
2024-02-02 16:36:05.261352,0.0,0.0,29612.78
2024-02-03 16:36:05.261352,0.0,0.0,29612.78
2024-02-04 16:36:05.261352,0.0,0.0,29612.78
2024-02-05 16:36:05.261352,3575.16,0.0,33187.95
2024-02-06 16:36:05.261352,0.0,0.0,33187.95
2024-02-07 16:36:05.261352,0.0,0.0,33187.95
2024-02-08 16:36:05.261352,3924.33,0.0,37112.27
2024-02-09 16:36:05.261352,3828.05,0.0,40940.32
2024-02-10 16:36:05.261352,0.0,0.0,40940.32
2024-02-11 16:36:05.261352,0.0,0.0,40940.32
2024-02-12 16:36:05.261352,3406.79,0.0,44347.11
2024-02-13 16:36:05.261352,3011.13,0.0,47358.23
2024-02-14 16:36:05.261352,0.0,0.0,47358.23
2024-02-15 16:36:05.261352,2724.54,0.0,50082.78
2024-02-16 16:36:05.261352,0.0,0.0,50082.78
2024-02-17 16:36:05.261352,0.0,0.0,50082.78
2024-02-18 16:36:05.261352,0.0,0.0,50082.78
2024-02-19 16:36:05.261352,3439.62,0.0,53522.4
2024-02-20 16:36:05.261352,0.0,0.0,53522.4
2024-02-21 16:36:05.261352,2787.6,0.0,56310.0
2024-02-22 16:36:05.261352,2156.13,0.0,58466.13
2024-02-23 16:36:05.261352,3754.71,0.0,62220.84
2024-02-24 16:36:05.261352,0.0,0.0,62220.84
2024-02-25 16:36:05.261352,0.0,0.0,62220.84
2024-02-26 16:36:05.261352,2965.56,0.0,65186.4
2024-02-27 16:36:05.261352,2830.21,0.0,68016.61
2024-02-28 16:36:05.261352,3006.64,46277.48,24745.77
2024-02-29 16:36:05.261352,2662.89,0.0,27408.66
2024-03-01 16:36:05.261352,2284.7,5000.0,24693.36
2024-03-02 16:36:05.261352,0.0,0.0,24693.36
2024-03-03 16:36:05.261352,0.0,0.0,24693.36
2024-03-04 16:36:05.261352,3024.77,0.0,27718.12
2024-03-05 16:36:05.261352,0.0,0.0,27718.12
2024-03-06 16:36:05.261352,0.0,0.0,27718.12
2024-03-07 16:36:05.261352,3489.82,0.0,31207.95
2024-03-08 16:36:05.261352,0.0,0.0,31207.95
2024-03-09 16:36:05.261352,0.0,0.0,31207.95
2024-03-10 16:36:05.261352,0.0,0.0,31207.95
2024-03-11 16:36:05.261352,0.0,0.0,31207.95
2024-03-12 16:36:05.261352,3200.49,0.0,34408.43
2024-03-13 16:36:05.261352,0.0,0.0,34408.43
2024-03-14 16:36:05.261352,0.0,0.0,34408.43
2024-03-15 16:36:05.261352,2462.01,0.0,36870.44
2024-03-16 16:36:05.261352,0.0,0.0,36870.44
2024-03-17 16:36:05.261352,0.0,0.0,36870.44
2024-03-18 16:36:05.261352,0.0,0.0,36870.44
2024-03-19 16:36:05.261352,3475.69,0.0,40346.13
2024-03-20 16:36:05.261352,0.0,0.0,40346.13
2024-03-21 16:36:05.261352,3186.56,0.0,43532.69
2024-03-22 16:36:05.261352,2873.32,0.0,46406.01
2024-03-23 16:36:05.261352,0.0,0.0,46406.01
2024-03-24 16:36:05.261352,0.0,0.0,46406.01
2024-03-25 16:36:05.261352,1935.96,0.0,48341.97
2024-03-26 16:36:05.261352,2785.26,0.0,51127.23
2024-03-27 16:36:05.261352,3448.46,0.0,54575.69
2024-03-28 16:36:05.261352,0.0,46953.22,7622.46
2024-03-29 16:36:05.261352,2680.33,0.0,10302.79
2024-03-30 16:36:05.261352,0.0,0.0,10302.79
2024-03-31 16:36:05.261352,0.0,0.0,10302.79
2024-04-01 16:36:05.261352,0.0,5000.0,5302.79
2024-04-02 16:36:05.261352,0.0,0.0,5302.79
2024-04-03 16:36:05.261352,0.0,0.0,5302.79
2024-04-04 16:36:05.261352,3631.94,0.0,8934.73
2024-04-05 16:36:05.261352,3432.66,0.0,12367.39
2024-04-06 16:36:05.261352,0.0,0.0,12367.39
2024-04-07 16:36:05.261352,0.0,0.0,12367.39
2024-04-08 16:36:05.261352,0.0,0.0,12367.39
2024-04-09 16:36:05.261352,2675.87,0.0,15043.26
2024-04-10 16:36:05.261352,2270.8,0.0,17314.07
2024-04-11 16:36:05.261352,0.0,0.0,17314.07
2024-04-12 16:36:05.261352,0.0,0.0,17314.07
2024-04-13 16:36:05.261352,0.0,0.0,17314.07
2024-04-14 16:36:05.261352,0.0,0.0,17314.07
2024-04-15 16:36:05.261352,2397.55,15000.0,4711.61
2024-04-16 16:36:05.261352,2534.75,0.0,7246.36
2024-04-17 16:36:05.261352,2681.67,0.0,9928.03
2024-04-18 16:36:05.261352,0.0,0.0,9928.03
2024-04-19 16:36:05.261352,0.0,0.0,9928.03
2024-04-20 16:36:05.261352,0.0,0.0,9928.03
2024-04-21 16:36:05.261352,0.0,0.0,9928.03
2024-04-22 16:36:05.261352,0.0,0.0,9928.03
2024-04-23 16:36:05.261352,0.0,0.0,9928.03
2024-04-24 16:36:05.261352,0.0,0.0,9928.03
2024-04-25 16:36:05.261352,0.0,0.0,9928.03
2024-04-26 16:36:05.261352,3768.18,0.0,13696.21
2024-04-27 16:36:05.261352,0.0,0.0,13696.21
2024-04-28 16:36:05.261352,0.0,47686.48,-33990.27
2024-04-29 16:36:05.261352,0.0,0.0,-33990.27
2024-04-30 16:36:05.261352,0.0,0.0,-33990.27
2024-05-01 16:36:05.261352,2647.39,5000.0,-36342.88
2024-05-02 16:36:05.261352,2979.7,0.0,-33363.18
2024-05-03 16:36:05.261352,3878.22,0.0,-29484.96
2024-05-04 16:36:05.261352,0.0,0.0,-29484.96
2024-05-05 16:36:05.261352,0.0,0.0,-29484.96
2024-05-06 16:36:05.261352,0.0,0.0,-29484.96
2024-05-07 16:36:05.261352,3002.03,0.0,-26482.94
2024-05-08 16:36:05.261352,3064.19,0.0,-23418.75
2024-05-09 16:36:05.261352,3371.61,0.0,-20047.14
2024-05-10 16:36:05.261352,3402.84,0.0,-16644.3
2024-05-11 16:36:05.261352,0.0,0.0,-16644.3
2024-05-12 16:36:05.261352,0.0,0.0,-16644.3
2024-05-13 16:36:05.261352,2985.41,0.0,-13658.88
2024-05-14 16:36:05.261352,0.0,0.0,-13658.88
2024-05-15 16:36:05.261352,0.0,0.0,-13658.88
2024-05-16 16:36:05.261352,2633.97,0.0,-11024.92
2024-05-17 16:36:05.261352,4327.73,0.0,-6697.19
2024-05-18 16:36:05.261352,0.0,0.0,-6697.19
2024-05-19 16:36:05.261352,0.0,0.0,-6697.19
2024-05-20 16:36:05.261352,0.0,0.0,-6697.19
2024-05-21 16:36:05.261352,3615.09,0.0,-3082.1
2024-05-22 16:36:05.261352,2848.93,0.0,-233.17
2024-05-23 16:36:05.261352,2728.38,0.0,2495.21
2024-05-24 16:36:05.261352,0.0,0.0,2495.21
2024-05-25 16:36:05.261352,0.0,0.0,2495.21
2024-05-26 16:36:05.261352,0.0,0.0,2495.21
2024-05-27 16:36:05.261352,3814.15,0.0,6309.36
2024-05-28 16:36:05.261352,3013.23,48406.99,-39084.41
2024-05-29 16:36:05.261352,2526.48,0.0,-36557.93
2024-05-30 16:36:05.261352,0.0,0.0,-36557.93
2024-05-31 16:36:05.261352,0.0,0.0,-36557.93
2024-06-01 16:36:05.261352,0.0,5000.0,-41557.93
2024-06-02 16:36:05.261352,0.0,0.0,-41557.93
2024-06-03 16:36:05.261352,3079.37,0.0,-38478.56
2024-06-04 16:36:05.261352,3292.97,0.0,-35185.59
2024-06-05 16:36:05.261352,0.0,0.0,-35185.59
2024-06-06 16:36:05.261352,3302.75,0.0,-31882.83
2024-06-07 16:36:05.261352,0.0,0.0,-31882.83
2024-06-08 16:36:05.261352,0.0,0.0,-31882.83
2024-06-09 16:36:05.261352,0.0,0.0,-31882.83
2024-06-10 16:36:05.261352,0.0,0.0,-31882.83
2024-06-11 16:36:05.261352,3612.46,0.0,-28270.37
2024-06-12 16:36:05.261352,3856.41,0.0,-24413.96
2024-06-13 16:36:05.261352,3513.09,0.0,-20900.87
2024-06-14 16:36:05.261352,3161.2,0.0,-17739.67
2024-06-15 16:36:05.261352,0.0,0.0,-17739.67
2024-06-16 16:36:05.261352,0.0,0.0,-17739.67
2024-06-17 16:36:05.261352,3704.79,0.0,-14034.88
2024-06-18 16:36:05.261352,3673.45,0.0,-10361.43
2024-06-19 16:36:05.261352,0.0,0.0,-10361.43
2024-06-20 16:36:05.261352,0.0,0.0,-10361.43
2024-06-21 16:36:05.261352,0.0,0.0,-10361.43
2024-06-22 16:36:05.261352,0.0,0.0,-10361.43
2024-06-23 16:36:05.261352,0.0,0.0,-10361.43
2024-06-24 16:36:05.261352,2993.95,0.0,-7367.48
2024-06-25 16:36:05.261352,0.0,0.0,-7367.48
2024-06-26 16:36:05.261352,3701.78,0.0,-3665.7
2024-06-27 16:36:05.261352,0.0,0.0,-3665.7
2024-06-28 16:36:05.261352,0.0,49162.95,-52828.66
2024-06-29 16:36:05.261352,0.0,0.0,-52828.66
2024-06-30 16:36:05.261352,0.0,0.0,-52828.66
2024-07-01 16:36:05.261352,4052.15,5000.0,-53776.51
2024-07-02 16:36:05.261352,3949.11,0.0,-49827.4
2024-07-03 16:36:05.261352,3905.04,0.0,-45922.36
2024-07-04 16:36:05.261352,3677.58,0.0,-42244.79
2024-07-05 16:36:05.261352,0.0,0.0,-42244.79
2024-07-06 16:36:05.261352,0.0,0.0,-42244.79
2024-07-07 16:36:05.261352,0.0,0.0,-42244.79
2024-07-08 16:36:05.261352,3717.03,0.0,-38527.76
2024-07-09 16:36:05.261352,4265.06,0.0,-34262.7
2024-07-10 16:36:05.261352,3414.18,0.0,-30848.52
2024-07-11 16:36:05.261352,0.0,0.0,-30848.52
2024-07-12 16:36:05.261352,0.0,0.0,-30848.52
2024-07-13 16:36:05.261352,0.0,0.0,-30848.52
2024-07-14 16:36:05.261352,0.0,0.0,-30848.52
2024-07-15 16:36:05.261352,3059.27,15000.0,-42789.25
2024-07-16 16:36:05.261352,0.0,0.0,-42789.25
2024-07-17 16:36:05.261352,2645.05,0.0,-40144.2
2024-07-18 16:36:05.261352,2790.4,0.0,-37353.8
2024-07-19 16:36:05.261352,0.0,0.0,-37353.8
2024-07-20 16:36:05.261352,0.0,0.0,-37353.8
2024-07-21 16:36:05.261352,0.0,0.0,-37353.8
2024-07-22 16:36:05.261352,3044.8,0.0,-34309.0
2024-07-23 16:36:05.261352,3651.9,0.0,-30657.09
2024-07-24 16:36:05.261352,3232.09,0.0,-27425.01
2024-07-25 16:36:05.261352,3647.2,0.0,-23777.8
2024-07-26 16:36:05.261352,0.0,0.0,-23777.8
2024-07-27 16:36:05.261352,0.0,0.0,-23777.8
2024-07-28 16:36:05.261352,0.0,49905.77,-73683.57
2024-07-29 16:36:05.261352,0.0,0.0,-73683.57
2024-07-30 16:36:05.261352,3406.13,0.0,-70277.44
2024-07-31 16:36:05.261352,0.0,0.0,-70277.44
2024-08-01 16:36:05.261352,3241.48,5000.0,-72035.96
2024-08-02 16:36:05.261352,0.0,0.0,-72035.96
2024-08-03 16:36:05.261352,0.0,0.0,-72035.96
2024-08-04 16:36:05.261352,0.0,0.0,-72035.96
2024-08-05 16:36:05.261352,0.0,0.0,-72035.96
2024-08-06 16:36:05.261352,0.0,0.0,-72035.96
2024-08-07 16:36:05.261352,2826.04,0.0,-69209.92
2024-08-08 16:36:05.261352,2923.69,0.0,-66286.23
2024-08-09 16:36:05.261352,0.0,0.0,-66286.23
2024-08-10 16:36:05.261352,0.0,0.0,-66286.23
2024-08-11 16:36:05.261352,0.0,0.0,-66286.23
2024-08-12 16:36:05.261352,3248.14,0.0,-63038.08
2024-08-13 16:36:05.261352,0.0,0.0,-63038.08
2024-08-14 16:36:05.261352,0.0,0.0,-63038.08
2024-08-15 16:36:05.261352,3411.41,0.0,-59626.67
2024-08-16 16:36:05.261352,0.0,0.0,-59626.67
2024-08-17 16:36:05.261352,0.0,0.0,-59626.67
2024-08-18 16:36:05.261352,0.0,0.0,-59626.67
2024-08-19 16:36:05.261352,3062.48,0.0,-56564.19
2024-08-20 16:36:05.261352,3625.88,0.0,-52938.31
2024-08-21 16:36:05.261352,0.0,0.0,-52938.31
2024-08-22 16:36:05.261352,0.0,0.0,-52938.31
2024-08-23 16:36:05.261352,0.0,0.0,-52938.31
2024-08-24 16:36:05.261352,0.0,0.0,-52938.31
2024-08-25 16:36:05.261352,0.0,0.0,-52938.31
2024-08-26 16:36:05.261352,3776.48,0.0,-49161.83
2024-08-27 16:36:05.261352,0.0,0.0,-49161.83
2024-08-28 16:36:05.261352,3286.31,50685.14,-96560.66
2024-08-29 16:36:05.261352,0.0,0.0,-96560.66
2024-08-30 16:36:05.261352,3594.75,0.0,-92965.9
2024-08-31 16:36:05.261352,0.0,0.0,-92965.9
2024-09-01 16:36:05.261352,0.0,5000.0,-97965.9
2024-09-02 16:36:05.261352,0.0,0.0,-97965.9
2024-09-03 16:36:05.261352,0.0,0.0,-97965.9
2024-09-04 16:36:05.261352,0.0,0.0,-97965.9
2024-09-05 16:36:05.261352,0.0,0.0,-97965.9
2024-09-06 16:36:05.261352,3439.63,0.0,-94526.28
2024-09-07 16:36:05.261352,0.0,0.0,-94526.28
2024-09-08 16:36:05.261352,0.0,0.0,-94526.28
2024-09-09 16:36:05.261352,5062.09,0.0,-89464.19
2024-09-10 16:36:05.261352,3824.88,0.0,-85639.31
2024-09-11 16:36:05.261352,3611.1,0.0,-82028.21
2024-09-12 16:36:05.261352,2175.86,0.0,-79852.35
2024-09-13 16:36:05.261352,0.0,0.0,-79852.35
2024-09-14 16:36:05.261352,0.0,0.0,-79852.35
2024-09-15 16:36:05.261352,0.0,0.0,-79852.35
2024-09-16 16:36:05.261352,0.0,0.0,-79852.35
2024-09-17 16:36:05.261352,0.0,0.0,-79852.35
2024-09-18 16:36:05.261352,0.0,0.0,-79852.35
2024-09-19 16:36:05.261352,0.0,0.0,-79852.35
2024-09-20 16:36:05.261352,3016.33,0.0,-76836.01
2024-09-21 16:36:05.261352,0.0,0.0,-76836.01
2024-09-22 16:36:05.261352,0.0,0.0,-76836.01
2024-09-23 16:36:05.261352,0.0,0.0,-76836.01
2024-09-24 16:36:05.261352,2865.05,0.0,-73970.96
2024-09-25 16:36:05.261352,3604.54,0.0,-70366.42
2024-09-26 16:36:05.261352,3387.86,0.0,-66978.56
2024-09-27 16:36:05.261352,3622.5,0.0,-63356.07
2024-09-28 16:36:05.261352,0.0,51476.68,-114832.74
2024-09-29 16:36:05.261352,0.0,0.0,-114832.74
2024-09-30 16:36:05.261352,2832.73,0.0,-112000.01
2024-10-01 16:36:05.261352,0.0,5000.0,-117000.01
2024-10-02 16:36:05.261352,0.0,0.0,-117000.01
2024-10-03 16:36:05.261352,0.0,0.0,-117000.01
2024-10-04 16:36:05.261352,0.0,0.0,-117000.01
2024-10-05 16:36:05.261352,0.0,0.0,-117000.01
2024-10-06 16:36:05.261352,0.0,0.0,-117000.01
2024-10-07 16:36:05.261352,0.0,0.0,-117000.01
2024-10-08 16:36:05.261352,0.0,0.0,-117000.01
2024-10-09 16:36:05.261352,0.0,0.0,-117000.01
2024-10-10 16:36:05.261352,3233.01,0.0,-113767.0
2024-10-11 16:36:05.261352,3149.82,0.0,-110617.17
2024-10-12 16:36:05.261352,0.0,0.0,-110617.17
2024-10-13 16:36:05.261352,0.0,0.0,-110617.17
2024-10-14 16:36:05.261352,0.0,0.0,-110617.17
2024-10-15 16:36:05.261352,0.0,15000.0,-125617.17
2024-10-16 16:36:05.261352,0.0,0.0,-125617.17
2024-10-17 16:36:05.261352,2856.12,0.0,-122761.06
2024-10-18 16:36:05.261352,3244.52,0.0,-119516.54
2024-10-19 16:36:05.261352,0.0,0.0,-119516.54
2024-10-20 16:36:05.261352,0.0,0.0,-119516.54
2024-10-21 16:36:05.261352,0.0,0.0,-119516.54
2024-10-22 16:36:05.261352,2941.14,0.0,-116575.39
2024-10-23 16:36:05.261352,3588.95,0.0,-112986.44
2024-10-24 16:36:05.261352,0.0,0.0,-112986.44
2024-10-25 16:36:05.261352,3471.85,0.0,-109514.59
2024-10-26 16:36:05.261352,0.0,0.0,-109514.59
2024-10-27 16:36:05.261352,0.0,0.0,-109514.59
2024-10-28 16:36:05.261352,3568.52,52254.45,-158200.52
2024-10-29 16:36:05.261352,4375.32,0.0,-153825.2
2024-10-30 16:36:05.261352,3936.56,0.0,-149888.63
2024-10-31 16:36:05.261352,0.0,0.0,-149888.63
2024-11-01 16:36:05.261352,3912.46,5000.0,-150976.17
2024-11-02 16:36:05.261352,0.0,0.0,-150976.17
2024-11-03 16:36:05.261352,0.0,0.0,-150976.17
2024-11-04 16:36:05.261352,0.0,0.0,-150976.17
2024-11-05 16:36:05.261352,3100.92,0.0,-147875.26
2024-11-06 16:36:05.261352,0.0,0.0,-147875.26
2024-11-07 16:36:05.261352,3562.2,0.0,-144313.05
2024-11-08 16:36:05.261352,3516.17,0.0,-140796.89
2024-11-09 16:36:05.261352,0.0,0.0,-140796.89
2024-11-10 16:36:05.261352,0.0,0.0,-140796.89
2024-11-11 16:36:05.261352,0.0,0.0,-140796.89
2024-11-12 16:36:05.261352,3885.08,0.0,-136911.81
2024-11-13 16:36:05.261352,0.0,0.0,-136911.81
2024-11-14 16:36:05.261352,3236.02,0.0,-133675.79
2024-11-15 16:36:05.261352,0.0,0.0,-133675.79
2024-11-16 16:36:05.261352,0.0,0.0,-133675.79
2024-11-17 16:36:05.261352,0.0,0.0,-133675.79
2024-11-18 16:36:05.261352,0.0,0.0,-133675.79
2024-11-19 16:36:05.261352,4397.92,0.0,-129277.88
2024-11-20 16:36:05.261352,3892.64,0.0,-125385.24
2024-11-21 16:36:05.261352,3291.73,0.0,-122093.51
2024-11-22 16:36:05.261352,3151.88,0.0,-118941.63
2024-11-23 16:36:05.261352,0.0,0.0,-118941.63
2024-11-24 16:36:05.261352,0.0,0.0,-118941.63
2024-11-25 16:36:05.261352,0.0,0.0,-118941.63
2024-11-26 16:36:05.261352,3872.45,0.0,-115069.18
2024-11-27 16:36:05.261352,0.0,0.0,-115069.18
2024-11-28 16:36:05.261352,3212.81,53070.5,-164926.88
2024-11-29 16:36:05.261352,4137.35,0.0,-160789.52
2024-11-30 16:36:05.261352,0.0,0.0,-160789.52
2024-12-01 16:36:05.261352,0.0,5000.0,-165789.52
2024-12-02 16:36:05.261352,4527.95,0.0,-161261.58
2024-12-03 16:36:05.261352,2392.11,0.0,-158869.47
2024-12-04 16:36:05.261352,2859.88,0.0,-156009.59
2024-12-05 16:36:05.261352,0.0,0.0,-156009.59
2024-12-06 16:36:05.261352,0.0,0.0,-156009.59
2024-12-07 16:36:05.261352,0.0,0.0,-156009.59
2024-12-08 16:36:05.261352,0.0,0.0,-156009.59
2024-12-09 16:36:05.261352,3205.92,0.0,-152803.67
2024-12-10 16:36:05.261352,0.0,0.0,-152803.67
2024-12-11 16:36:05.261352,3989.71,0.0,-148813.96
2024-12-12 16:36:05.261352,0.0,0.0,-148813.96
2024-12-13 16:36:05.261352,0.0,0.0,-148813.96
2024-12-14 16:36:05.261352,0.0,0.0,-148813.96
2024-12-15 16:36:05.261352,0.0,0.0,-148813.96
2024-12-16 16:36:05.261352,4340.68,0.0,-144473.28
2024-12-17 16:36:05.261352,2963.22,0.0,-141510.06
2024-12-18 16:36:05.261352,0.0,0.0,-141510.06
2024-12-19 16:36:05.261352,0.0,0.0,-141510.06
2024-12-20 16:36:05.261352,4171.76,0.0,-137338.3
2024-12-21 16:36:05.261352,0.0,0.0,-137338.3
2024-12-22 16:36:05.261352,0.0,0.0,-137338.3
2024-12-23 16:36:05.261352,0.0,0.0,-137338.3
2024-12-24 16:36:05.261352,3314.73,0.0,-134023.57
2024-12-25 16:36:05.261352,0.0,0.0,-134023.57
2024-12-26 16:36:05.261352,0.0,0.0,-134023.57
2024-12-27 16:36:05.261352,4103.14,0.0,-129920.43
2024-12-28 16:36:05.261352,0.0,53872.36,-183792.79
2024-12-29 16:36:05.261352,0.0,0.0,-183792.79
2024-12-30 16:36:05.261352,4670.56,0.0,-179122.23
2024-12-31 16:36:05.261352,0.0,0.0,-179122.23
2025-01-01 16:36:05.261352,3548.75,5000.0,-180573.48
2025-01-02 16:36:05.261352,0.0,0.0,-180573.48
2025-01-03 16:36:05.261352,3994.87,0.0,-176578.61
2025-01-04 16:36:05.261352,0.0,0.0,-176578.61
2025-01-05 16:36:05.261352,0.0,0.0,-176578.61
2025-01-06 16:36:05.261352,3377.1,0.0,-173201.51
2025-01-07 16:36:05.261352,0.0,0.0,-173201.51
2025-01-08 16:36:05.261352,0.0,0.0,-173201.51
2025-01-09 16:36:05.261352,0.0,0.0,-173201.51
2025-01-10 16:36:05.261352,4242.9,0.0,-168958.61
2025-01-11 16:36:05.261352,0.0,0.0,-168958.61
2025-01-12 16:36:05.261352,0.0,0.0,-168958.61
2025-01-13 16:36:05.261352,3798.61,0.0,-165160.0
2025-01-14 16:36:05.261352,0.0,0.0,-165160.0
2025-01-15 16:36:05.261352,3669.03,15000.0,-176490.97
2025-01-16 16:36:05.261352,4114.64,0.0,-172376.32
2025-01-17 16:36:05.261352,0.0,0.0,-172376.32
2025-01-18 16:36:05.261352,0.0,0.0,-172376.32
2025-01-19 16:36:05.261352,0.0,0.0,-172376.32
2025-01-20 16:36:05.261352,0.0,0.0,-172376.32
2025-01-21 16:36:05.261352,0.0,0.0,-172376.32
2025-01-22 16:36:05.261352,3674.31,0.0,-168702.01
2025-01-23 16:36:05.261352,0.0,0.0,-168702.01
2025-01-24 16:36:05.261352,0.0,0.0,-168702.01
2025-01-25 16:36:05.261352,0.0,0.0,-168702.01
2025-01-26 16:36:05.261352,0.0,0.0,-168702.01
2025-01-27 16:36:05.261352,4158.93,0.0,-164543.08
2025-01-28 16:36:05.261352,3564.84,54713.67,-215691.91
2025-01-29 16:36:05.261352,0.0,0.0,-215691.91
2025-01-30 16:36:05.261352,2406.25,0.0,-213285.66
2025-01-31 16:36:05.261352,0.0,0.0,-213285.66
2025-02-01 16:36:05.261352,0.0,5000.0,-218285.66
2025-02-02 16:36:05.261352,0.0,0.0,-218285.66
2025-02-03 16:36:05.261352,0.0,0.0,-218285.66
2025-02-04 16:36:05.261352,0.0,0.0,-218285.66
2025-02-05 16:36:05.261352,0.0,0.0,-218285.66
2025-02-06 16:36:05.261352,0.0,0.0,-218285.66
2025-02-07 16:36:05.261352,3686.32,0.0,-214599.34
2025-02-08 16:36:05.261352,0.0,0.0,-214599.34
2025-02-09 16:36:05.261352,0.0,0.0,-214599.34
2025-02-10 16:36:05.261352,0.0,0.0,-214599.34
2025-02-11 16:36:05.261352,3421.23,0.0,-211178.12
2025-02-12 16:36:05.261352,3932.84,0.0,-207245.28
2025-02-13 16:36:05.261352,0.0,0.0,-207245.28
2025-02-14 16:36:05.261352,4471.9,0.0,-202773.37
2025-02-15 16:36:05.261352,0.0,0.0,-202773.37
2025-02-16 16:36:05.261352,0.0,0.0,-202773.37
2025-02-17 16:36:05.261352,0.0,0.0,-202773.37
2025-02-18 16:36:05.261352,3844.37,0.0,-198929.01
2025-02-19 16:36:05.261352,0.0,0.0,-198929.01
2025-02-20 16:36:05.261352,0.0,0.0,-198929.01
2025-02-21 16:36:05.261352,3765.9,0.0,-195163.1
2025-02-22 16:36:05.261352,0.0,0.0,-195163.1
2025-02-23 16:36:05.261352,0.0,0.0,-195163.1
2025-02-24 16:36:05.261352,0.0,0.0,-195163.1
2025-02-25 16:36:05.261352,3895.12,0.0,-191267.98
2025-02-26 16:36:05.261352,4523.36,0.0,-186744.62
2025-02-27 16:36:05.261352,3480.07,0.0,-183264.55
2025-02-28 16:36:05.261352,0.0,55568.13,-238832.68
2025-03-01 16:36:05.261352,0.0,5000.0,-243832.68
2025-03-02 16:36:05.261352,0.0,0.0,-243832.68
2025-03-03 16:36:05.261352,3837.56,0.0,-239995.11
2025-03-04 16:36:05.261352,0.0,0.0,-239995.11
2025-03-05 16:36:05.261352,0.0,0.0,-239995.11
2025-03-06 16:36:05.261352,0.0,0.0,-239995.11
2025-03-07 16:36:05.261352,3865.93,0.0,-236129.18
2025-03-08 16:36:05.261352,0.0,0.0,-236129.18
2025-03-09 16:36:05.261352,0.0,0.0,-236129.18
2025-03-10 16:36:05.261352,3935.94,0.0,-232193.24
2025-03-11 16:36:05.261352,3680.02,0.0,-228513.23
2025-03-12 16:36:05.261352,4373.8,0.0,-224139.43
2025-03-13 16:36:05.261352,4463.39,0.0,-219676.04
2025-03-14 16:36:05.261352,0.0,0.0,-219676.04
2025-03-15 16:36:05.261352,0.0,0.0,-219676.04
2025-03-16 16:36:05.261352,0.0,0.0,-219676.04
2025-03-17 16:36:05.261352,3262.2,0.0,-216413.84
2025-03-18 16:36:05.261352,5123.6,0.0,-211290.24
2025-03-19 16:36:05.261352,0.0,0.0,-211290.24
2025-03-20 16:36:05.261352,0.0,0.0,-211290.24
2025-03-21 16:36:05.261352,4811.97,0.0,-206478.27
2025-03-22 16:36:05.261352,0.0,0.0,-206478.27
2025-03-23 16:36:05.261352,0.0,0.0,-206478.27
2025-03-24 16:36:05.261352,3250.92,0.0,-203227.35
2025-03-25 16:36:05.261352,3752.56,0.0,-199474.79
2025-03-26 16:36:05.261352,4873.54,0.0,-194601.25
2025-03-27 16:36:05.261352,0.0,0.0,-194601.25
2025-03-28 16:36:05.261352,3247.63,56351.35,-247704.98
2025-03-29 16:36:05.261352,0.0,0.0,-247704.98
2025-03-30 16:36:05.261352,0.0,0.0,-247704.98
2025-03-31 16:36:05.261352,4572.52,0.0,-243132.45
2025-04-01 16:36:05.261352,0.0,5000.0,-248132.45
2025-04-02 16:36:05.261352,3649.24,0.0,-244483.22
2025-04-03 16:36:05.261352,3716.11,0.0,-240767.1
2025-04-04 16:36:05.261352,4059.15,0.0,-236707.95
2025-04-05 16:36:05.261352,0.0,0.0,-236707.95
2025-04-06 16:36:05.261352,0.0,0.0,-236707.95
2025-04-07 16:36:05.261352,3696.87,0.0,-233011.09
2025-04-08 16:36:05.261352,4548.08,0.0,-228463.01
2025-04-09 16:36:05.261352,0.0,0.0,-228463.01
2025-04-10 16:36:05.261352,0.0,0.0,-228463.01
2025-04-11 16:36:05.261352,0.0,0.0,-228463.01
2025-04-12 16:36:05.261352,0.0,0.0,-228463.01
2025-04-13 16:36:05.261352,0.0,0.0,-228463.01
2025-04-14 16:36:05.261352,4487.9,0.0,-223975.11
2025-04-15 16:36:05.261352,3871.86,15000.0,-235103.25
2025-04-16 16:36:05.261352,0.0,0.0,-235103.25
2025-04-17 16:36:05.261352,0.0,0.0,-235103.25
2025-04-18 16:36:05.261352,4781.01,0.0,-230322.24
2025-04-19 16:36:05.261352,0.0,0.0,-230322.24
2025-04-20 16:36:05.261352,0.0,0.0,-230322.24
2025-04-21 16:36:05.261352,2992.76,0.0,-227329.48
2025-04-22 16:36:05.261352,0.0,0.0,-227329.48
2025-04-23 16:36:05.261352,3675.43,0.0,-223654.04
2025-04-24 16:36:05.261352,4763.47,0.0,-218890.57
2025-04-25 16:36:05.261352,3541.53,0.0,-215349.04
2025-04-26 16:36:05.261352,0.0,0.0,-215349.04
2025-04-27 16:36:05.261352,0.0,0.0,-215349.04
2025-04-28 16:36:05.261352,0.0,57231.38,-272580.43
2025-04-29 16:36:05.261352,0.0,0.0,-272580.43
2025-04-30 16:36:05.261352,0.0,0.0,-272580.43
2025-05-01 16:36:05.261352,4112.11,5000.0,-273468.31
2025-05-02 16:36:05.261352,4095.77,0.0,-269372.55
2025-05-03 16:36:05.261352,0.0,0.0,-269372.55
2025-05-04 16:36:05.261352,0.0,0.0,-269372.55
2025-05-05 16:36:05.261352,3929.66,0.0,-265442.89
2025-05-06 16:36:05.261352,4060.9,0.0,-261381.99
2025-05-07 16:36:05.261352,4165.56,0.0,-257216.43
2025-05-08 16:36:05.261352,4036.48,0.0,-253179.95
2025-05-09 16:36:05.261352,0.0,0.0,-253179.95
2025-05-10 16:36:05.261352,0.0,0.0,-253179.95
2025-05-11 16:36:05.261352,0.0,0.0,-253179.95
2025-05-12 16:36:05.261352,0.0,0.0,-253179.95
2025-05-13 16:36:05.261352,4593.94,0.0,-248586.01
2025-05-14 16:36:05.261352,0.0,0.0,-248586.01
2025-05-15 16:36:05.261352,3446.98,0.0,-245139.03
2025-05-16 16:36:05.261352,4308.05,0.0,-240830.97
2025-05-17 16:36:05.261352,0.0,0.0,-240830.97
2025-05-18 16:36:05.261352,0.0,0.0,-240830.97
2025-05-19 16:36:05.261352,0.0,0.0,-240830.97
2025-05-20 16:36:05.261352,3960.23,0.0,-236870.75
2025-05-21 16:36:05.261352,4580.39,0.0,-232290.36
2025-05-22 16:36:05.261352,0.0,0.0,-232290.36
2025-05-23 16:36:05.261352,4616.4,0.0,-227673.96
2025-05-24 16:36:05.261352,0.0,0.0,-227673.96
2025-05-25 16:36:05.261352,0.0,0.0,-227673.96
2025-05-26 16:36:05.261352,0.0,0.0,-227673.96
2025-05-27 16:36:05.261352,3178.29,0.0,-224495.66
2025-05-28 16:36:05.261352,4609.7,58096.11,-277982.07
2025-05-29 16:36:05.261352,3713.87,0.0,-274268.2
2025-05-30 16:36:05.261352,0.0,0.0,-274268.2
2025-05-31 16:36:05.261352,0.0,0.0,-274268.2
2025-06-01 16:36:05.261352,0.0,5000.0,-279268.2
2025-06-02 16:36:05.261352,0.0,0.0,-279268.2
2025-06-03 16:36:05.261352,3272.3,0.0,-275995.9
2025-06-04 16:36:05.261352,0.0,0.0,-275995.9
2025-06-05 16:36:05.261352,0.0,0.0,-275995.9
2025-06-06 16:36:05.261352,3081.04,0.0,-272914.86
2025-06-07 16:36:05.261352,0.0,0.0,-272914.86
2025-06-08 16:36:05.261352,0.0,0.0,-272914.86
2025-06-09 16:36:05.261352,0.0,0.0,-272914.86
2025-06-10 16:36:05.261352,0.0,0.0,-272914.86
2025-06-11 16:36:05.261352,3994.39,0.0,-268920.46
2025-06-12 16:36:05.261352,0.0,0.0,-268920.46
2025-06-13 16:36:05.261352,2828.55,0.0,-266091.92
2025-06-14 16:36:05.261352,0.0,0.0,-266091.92
2025-06-15 16:36:05.261352,0.0,0.0,-266091.92
2025-06-16 16:36:05.261352,2693.24,0.0,-263398.68
2025-06-17 16:36:05.261352,4459.09,0.0,-258939.58
2025-06-18 16:36:05.261352,4483.67,0.0,-254455.92
2025-06-19 16:36:05.261352,4223.45,0.0,-250232.46
2025-06-20 16:36:05.261352,3575.78,0.0,-246656.68
2025-06-21 16:36:05.261352,0.0,0.0,-246656.68
2025-06-22 16:36:05.261352,0.0,0.0,-246656.68
2025-06-23 16:36:05.261352,4645.68,0.0,-242011.0
2025-06-24 16:36:05.261352,2708.77,0.0,-239302.23
2025-06-25 16:36:05.261352,5184.58,0.0,-234117.65
2025-06-26 16:36:05.261352,0.0,0.0,-234117.65
2025-06-27 16:36:05.261352,3486.36,0.0,-230631.29
2025-06-28 16:36:05.261352,0.0,59003.38,-289634.67
2025-06-29 16:36:05.261352,0.0,0.0,-289634.67
2025-06-30 16:36:05.261352,4309.33,0.0,-285325.34
2025-07-01 16:36:05.261352,3422.15,5000.0,-286903.2
2025-07-02 16:36:05.261352,4689.02,0.0,-282214.18
2025-07-03 16:36:05.261352,3977.22,0.0,-278236.95
2025-07-04 16:36:05.261352,0.0,0.0,-278236.95
2025-07-05 16:36:05.261352,0.0,0.0,-278236.95
2025-07-06 16:36:05.261352,0.0,0.0,-278236.95
2025-07-07 16:36:05.261352,4673.15,0.0,-273563.8
2025-07-08 16:36:05.261352,4892.14,0.0,-268671.66
2025-07-09 16:36:05.261352,3192.43,0.0,-265479.24
2025-07-10 16:36:05.261352,0.0,0.0,-265479.24
2025-07-11 16:36:05.261352,4586.87,0.0,-260892.37
2025-07-12 16:36:05.261352,0.0,0.0,-260892.37
2025-07-13 16:36:05.261352,0.0,0.0,-260892.37
2025-07-14 16:36:05.261352,4252.16,0.0,-256640.21
2025-07-15 16:36:05.261352,2780.7,15000.0,-268859.5
2025-07-16 16:36:05.261352,4075.17,0.0,-264784.34
2025-07-17 16:36:05.261352,0.0,0.0,-264784.34
2025-07-18 16:36:05.261352,0.0,0.0,-264784.34
2025-07-19 16:36:05.261352,0.0,0.0,-264784.34
2025-07-20 16:36:05.261352,0.0,0.0,-264784.34
2025-07-21 16:36:05.261352,3830.1,0.0,-260954.23
2025-07-22 16:36:05.261352,0.0,0.0,-260954.23
2025-07-23 16:36:05.261352,2944.74,0.0,-258009.49
2025-07-24 16:36:05.261352,0.0,0.0,-258009.49
2025-07-25 16:36:05.261352,5072.09,0.0,-252937.41
2025-07-26 16:36:05.261352,0.0,0.0,-252937.41
2025-07-27 16:36:05.261352,0.0,0.0,-252937.41
2025-07-28 16:36:05.261352,0.0,59894.88,-312832.29
2025-07-29 16:36:05.261352,3789.78,0.0,-309042.5
2025-07-30 16:36:05.261352,3486.5,0.0,-305556.01
2025-07-31 16:36:05.261352,4435.87,0.0,-301120.14
2025-08-01 16:36:05.261352,3192.69,5000.0,-302927.45
2025-08-02 16:36:05.261352,0.0,0.0,-302927.45
2025-08-03 16:36:05.261352,0.0,0.0,-302927.45
2025-08-04 16:36:05.261352,0.0,0.0,-302927.45
2025-08-05 16:36:05.261352,0.0,0.0,-302927.45
2025-08-06 16:36:05.261352,4701.64,0.0,-298225.81
2025-08-07 16:36:05.261352,0.0,0.0,-298225.81
2025-08-08 16:36:05.261352,4155.46,0.0,-294070.35
2025-08-09 16:36:05.261352,0.0,0.0,-294070.35
2025-08-10 16:36:05.261352,0.0,0.0,-294070.35
2025-08-11 16:36:05.261352,3943.96,0.0,-290126.39
2025-08-12 16:36:05.261352,4455.32,0.0,-285671.08
2025-08-13 16:36:05.261352,4643.75,0.0,-281027.33
2025-08-14 16:36:05.261352,4007.52,0.0,-277019.81
2025-08-15 16:36:05.261352,4278.45,0.0,-272741.36
2025-08-16 16:36:05.261352,0.0,0.0,-272741.36
2025-08-17 16:36:05.261352,0.0,0.0,-272741.36
2025-08-18 16:36:05.261352,0.0,0.0,-272741.36
2025-08-19 16:36:05.261352,4635.0,0.0,-268106.36
2025-08-20 16:36:05.261352,4355.99,0.0,-263750.37
2025-08-21 16:36:05.261352,3073.58,0.0,-260676.79
2025-08-22 16:36:05.261352,2798.5,0.0,-257878.28
2025-08-23 16:36:05.261352,0.0,0.0,-257878.28
2025-08-24 16:36:05.261352,0.0,0.0,-257878.28
2025-08-25 16:36:05.261352,4106.98,0.0,-253771.31
2025-08-26 16:36:05.261352,4318.66,0.0,-249452.65
2025-08-27 16:36:05.261352,0.0,0.0,-249452.65
2025-08-28 16:36:05.261352,0.0,60830.25,-310282.9
2025-08-29 16:36:05.261352,4801.51,0.0,-305481.39
2025-08-30 16:36:05.261352,0.0,0.0,-305481.39
2025-08-31 16:36:05.261352,0.0,0.0,-305481.39
2025-09-01 16:36:05.261352,4399.91,5000.0,-306081.48
2025-09-02 16:36:05.261352,0.0,0.0,-306081.48
2025-09-03 16:36:05.261352,0.0,0.0,-306081.48
2025-09-04 16:36:05.261352,0.0,0.0,-306081.48
2025-09-05 16:36:05.261352,0.0,0.0,-306081.48
2025-09-06 16:36:05.261352,0.0,0.0,-306081.48
2025-09-07 16:36:05.261352,0.0,0.0,-306081.48
2025-09-08 16:36:05.261352,2558.17,0.0,-303523.31
2025-09-09 16:36:05.261352,0.0,0.0,-303523.31
2025-09-10 16:36:05.261352,0.0,0.0,-303523.31
2025-09-11 16:36:05.261352,0.0,0.0,-303523.31
2025-09-12 16:36:05.261352,3815.02,0.0,-299708.29
2025-09-13 16:36:05.261352,0.0,0.0,-299708.29
2025-09-14 16:36:05.261352,0.0,0.0,-299708.29
2025-09-15 16:36:05.261352,3484.84,0.0,-296223.44
2025-09-16 16:36:05.261352,0.0,0.0,-296223.44
2025-09-17 16:36:05.261352,5625.31,0.0,-290598.13
2025-09-18 16:36:05.261352,3697.37,0.0,-286900.76
2025-09-19 16:36:05.261352,0.0,0.0,-286900.76
2025-09-20 16:36:05.261352,0.0,0.0,-286900.76
2025-09-21 16:36:05.261352,0.0,0.0,-286900.76
2025-09-22 16:36:05.261352,3400.55,0.0,-283500.21
2025-09-23 16:36:05.261352,3209.29,0.0,-280290.93
2025-09-24 16:36:05.261352,0.0,0.0,-280290.93
2025-09-25 16:36:05.261352,4019.81,0.0,-276271.12
2025-09-26 16:36:05.261352,4193.38,0.0,-272077.74
2025-09-27 16:36:05.261352,0.0,0.0,-272077.74
2025-09-28 16:36:05.261352,0.0,61780.22,-333857.96
2025-09-29 16:36:05.261352,3666.68,0.0,-330191.28
2025-09-30 16:36:05.261352,3918.31,0.0,-326272.97
2025-10-01 16:36:05.261352,0.0,5000.0,-331272.97
2025-10-02 16:36:05.261352,0.0,0.0,-331272.97
2025-10-03 16:36:05.261352,0.0,0.0,-331272.97
2025-10-04 16:36:05.261352,0.0,0.0,-331272.97
2025-10-05 16:36:05.261352,0.0,0.0,-331272.97
2025-10-06 16:36:05.261352,3516.87,0.0,-327756.1
2025-10-07 16:36:05.261352,4898.94,0.0,-322857.16
2025-10-08 16:36:05.261352,4067.42,0.0,-318789.75
2025-10-09 16:36:05.261352,4324.67,0.0,-314465.08
2025-10-10 16:36:05.261352,0.0,0.0,-314465.08
2025-10-11 16:36:05.261352,0.0,0.0,-314465.08
2025-10-12 16:36:05.261352,0.0,0.0,-314465.08
2025-10-13 16:36:05.261352,2834.4,0.0,-311630.68
2025-10-14 16:36:05.261352,0.0,0.0,-311630.68
2025-10-15 16:36:05.261352,0.0,15000.0,-326630.68
2025-10-16 16:36:05.261352,0.0,0.0,-326630.68
2025-10-17 16:36:05.261352,3762.44,0.0,-322868.25
2025-10-18 16:36:05.261352,0.0,0.0,-322868.25
2025-10-19 16:36:05.261352,0.0,0.0,-322868.25
2025-10-20 16:36:05.261352,0.0,0.0,-322868.25
2025-10-21 16:36:05.261352,0.0,0.0,-322868.25
2025-10-22 16:36:05.261352,2517.57,0.0,-320350.68
2025-10-23 16:36:05.261352,3078.61,0.0,-317272.07
2025-10-24 16:36:05.261352,4857.64,0.0,-312414.43
2025-10-25 16:36:05.261352,0.0,0.0,-312414.43
2025-10-26 16:36:05.261352,0.0,0.0,-312414.43
2025-10-27 16:36:05.261352,3247.4,0.0,-309167.03
2025-10-28 16:36:05.261352,0.0,62713.67,-371880.7
2025-10-29 16:36:05.261352,0.0,0.0,-371880.7
2025-10-30 16:36:05.261352,0.0,0.0,-371880.7
2025-10-31 16:36:05.261352,4386.66,0.0,-367494.04
2025-11-01 16:36:05.261352,0.0,5000.0,-372494.04
2025-11-02 16:36:05.261352,0.0,0.0,-372494.04
2025-11-03 16:36:05.261352,5467.14,0.0,-367026.9
2025-11-04 16:36:05.261352,5981.43,0.0,-361045.47
2025-11-05 16:36:05.261352,3840.14,0.0,-357205.33
2025-11-06 16:36:05.261352,3841.41,0.0,-353363.92
2025-11-07 16:36:05.261352,0.0,0.0,-353363.92
2025-11-08 16:36:05.261352,0.0,0.0,-353363.92
2025-11-09 16:36:05.261352,0.0,0.0,-353363.92
2025-11-10 16:36:05.261352,0.0,0.0,-353363.92
2025-11-11 16:36:05.261352,0.0,0.0,-353363.92
2025-11-12 16:36:05.261352,0.0,0.0,-353363.92
2025-11-13 16:36:05.261352,0.0,0.0,-353363.92
2025-11-14 16:36:05.261352,3307.46,0.0,-350056.46
2025-11-15 16:36:05.261352,0.0,0.0,-350056.46
2025-11-16 16:36:05.261352,0.0,0.0,-350056.46
2025-11-17 16:36:05.261352,0.0,0.0,-350056.46
2025-11-18 16:36:05.261352,4948.56,0.0,-345107.89
2025-11-19 16:36:05.261352,6139.06,0.0,-338968.83
2025-11-20 16:36:05.261352,0.0,0.0,-338968.83
2025-11-21 16:36:05.261352,0.0,0.0,-338968.83
2025-11-22 16:36:05.261352,0.0,0.0,-338968.83
2025-11-23 16:36:05.261352,0.0,0.0,-338968.83
2025-11-24 16:36:05.261352,4484.92,0.0,-334483.91
2025-11-25 16:36:05.261352,5719.64,0.0,-328764.27
2025-11-26 16:36:05.261352,3916.31,0.0,-324847.96
2025-11-27 16:36:05.261352,3822.21,0.0,-321025.75
2025-11-28 16:36:05.261352,3728.82,63693.06,-380989.99
2025-11-29 16:36:05.261352,0.0,0.0,-380989.99
2025-11-30 16:36:05.261352,0.0,0.0,-380989.99
2025-12-01 16:36:05.261352,0.0,5000.0,-385989.99
2025-12-02 16:36:05.261352,0.0,0.0,-385989.99
2025-12-03 16:36:05.261352,0.0,0.0,-385989.99
2025-12-04 16:36:05.261352,0.0,0.0,-385989.99
2025-12-05 16:36:05.261352,0.0,0.0,-385989.99
2025-12-06 16:36:05.261352,0.0,0.0,-385989.99
2025-12-07 16:36:05.261352,0.0,0.0,-385989.99
2025-12-08 16:36:05.261352,3260.93,0.0,-382729.07
2025-12-09 16:36:05.261352,3985.06,0.0,-378744.01
2025-12-10 16:36:05.261352,2769.28,0.0,-375974.72
2025-12-11 16:36:05.261352,0.0,0.0,-375974.72
2025-12-12 16:36:05.261352,0.0,0.0,-375974.72
2025-12-13 16:36:05.261352,0.0,0.0,-375974.72
2025-12-14 16:36:05.261352,0.0,0.0,-375974.72
2025-12-15 16:36:05.261352,3449.63,0.0,-372525.09
2025-12-16 16:36:05.261352,4694.44,0.0,-367830.65
2025-12-17 16:36:05.261352,0.0,0.0,-367830.65
2025-12-18 16:36:05.261352,0.0,0.0,-367830.65
2025-12-19 16:36:05.261352,3404.77,0.0,-364425.88
2025-12-20 16:36:05.261352,0.0,0.0,-364425.88
2025-12-21 16:36:05.261352,0.0,0.0,-364425.88
2025-12-22 16:36:05.261352,0.0,0.0,-364425.88
2025-12-23 16:36:05.261352,0.0,0.0,-364425.88
2025-12-24 16:36:05.261352,0.0,0.0,-364425.88
2025-12-25 16:36:05.261352,3809.84,0.0,-360616.04
2025-12-26 16:36:05.261352,4459.47,0.0,-356156.57
2025-12-27 16:36:05.261352,0.0,0.0,-356156.57
2025-12-28 16:36:05.261352,0.0,64655.42,-420811.99
2025-12-29 16:36:05.261352,4085.24,0.0,-416726.75
2025-12-30 16:36:05.261352,0.0,0.0,-416726.75
2025-12-31 16:36:05.261352,4608.06,0.0,-412118.69
2026-01-01 16:36:05.261352,4683.91,5000.0,-412434.78
